{
  "email": "ericmajewicz@gmail.com",
  "password": "1234567",
  "name": "Eric Majewicz",
  "phone": "919-930-1017",
  "deviceId": "b95857895bad3106baac1a28baf1b3c82760b134cae644d4c49370224f6912a8",
  "platform" : "ios",
  "userId" : "dc501460-55c6-11e6-9f5f-65635d50989a",
  "message" : "This is a push notification",
  "toEmailAddress" : "ericmajewicz@gmail.com",
  "amount" : 100,
  "currency" : "usd",
  "token" : "tok_18oQo4BzgkooZIRvm5OJ7mhP",
  "description" : "test transaction",
  "deviceToken" : "",
  "title" : "push notification",
  "notification_body" : "this is a push notification",
  "business_name": "Oak City Apps",
  "business_address" : "301 Fayetteville St., Raleigh, NC",
  "business_latitude" : "35.0",
  "business_longitude" : "-78.0",
  "businessId" : "78242a60-a1fe-11e6-b5a8-29cd3b985210",
  "promotionId" : "d2e911b0-9662-11e6-991d-7d92e1ae08cc",
  "promotionInstanceId" : "89b3a7d0-a445-11e6-8ebd-59011a92b696"
}
